Latitude,Longitude
41.79276377,-87.73252393
6.58375,3.97554
40.7,-73.8309
20.7995686,75.4581907
44.9774,-93.2645
21.17,72.83
-5.17000475,119.42614756
26.48071098,80.30202484
22.75259,73.6437399
2.7719,32.2976
34.09640656,-118.33935365
18.9398,72.8355
6.47309,3.6322
35.3366,-89.9021
34.2783,-119.292
10.3111,123.892
30.25,78.1167
21.18579228,72.83630848
24.4686,39.6142
34.0522,-118.243
33.76992443,-118.18555934
3.14490831,101.70656562
37.6337,-122.4897
40.8897,-74.1953
33.4482,-112.0777
34.09640656,-118.33935365
-27.4678,153.028
3.0662,101.5203
-17.93333333,25.83333333
28.631747,77.219672
31.8633,-102.365
41.04840446,29.02587593
-15.3833,28.2667
32.0667,34.7667
25.1994,55.2741
6.550325,3.376391
38.82864142,-104.75831667
21.19529293,72.84441671
40.75839,-73.98644
36.1675,-115.149
43.7742911,-79.7164011
24.47035,72.78391
31.68611204,76.52108132
28.66666667,77.21666667
33.3033,-111.841
26.79999765,75.85302738
33.005,-97.2264
12.96275002,100.89245081
50.95,6.9667
34.0565172,-118.23587179
35.7772,-78.6358
23.79865,72.38732
42.98138889,-70.94777778
33.9816,-118.2192
-37.85453405,144.99285487
-17.93333333,25.83333333
43.648,-79.3872
44.15253213,-72.5981195
23.72629,84.55317
28.4744,77.504
-25.7533,28.1869
22.56799,88.35704
12.96275002,100.89245081
11.95,121.933
34.0522,-118.243
18.99454472,73.11440329
24.834443,55.379507
9.65194444,6.46222222
34.0522,-118.243
27.89136,78.10606
19.17822666,72.94359684
28.63525713,77.36714662
21.0,77.0
39.7391,-104.98360001
5.52094245,7.49399178
28.631747,77.219672
5.38333333,100.41666667
9.0,8.0
18.5203,73.8567
6.0077092,80.2436109
29.58519,80.21629
34.0522,-118.243
27.937864,-82.285749
41.37660019,-74.27769476
28.631747,77.219672
34.0522,-118.243
40.0031,-74.2569
28.63677005,77.23035157
50.83866,-1.18371
33.73944978,-118.1062315
13.50429392,144.84168824
40.48124,-79.97349
-6.50194236,106.83343741
33.88957616,-117.52649483
37.93603923,-122.37068378
29.7602,-95.3694
12.909955,77.65210748
25.7752,-80.192
56.80569919,-3.8129204
8.68333,76.9
-1.28521,36.82893
28.510309,77.039359
27.3244323,-82.45721399
33.9743,71.4325
41.89702475,12.50347746
52.5333,6.08333
5.55,-0.2
52.53931068,13.42955374
13.0812,80.2751
28.45215662,77.05887258
23.0333,72.6167
51.50711486,-0.12731805
22.67385739,75.82458973
39.0,36.0
32.0833,34.8167
48.0,14.0
51.50711486,-0.12731805
0.3136,32.5811
51.55627,5.08198
39.9624,-82.9996
31.0,-100.0
-33.92436976,18.42175373
51.50711486,-0.12731805
51.655654,-0.396723
6.38322059,7.49474173
34.09640656,-118.33935365
-33.92436976,18.42175373
-6.12120594,106.80829103
41.3894,2.1683
13.0812,80.2751
54.0,-2.0
53.83943,-1.80094667
19.0627,72.8764
9.0,8.0
13.0812,80.2751
41.39571598,2.15139948
6.45306,3.39583
18.5203,73.8567
31.475,74.377056
54.56325421,-5.9084183
28.57,77.32
32.70042091,74.85911596
32.10250483,34.81402749
-25.7533,28.1869
21.0,77.0
35.1712586,-84.66627663
7.51984986,4.518191
17.42898305,78.37408304
14.44545814,121.04706825
21.0,77.0
4.8164,7.0642
23.79865,72.38732
10.0306599,77.05008
-33.86751,151.20797
43.67712775,-79.61178192
46.1,7.21667
21.77006,72.1459
19.07154357,72.83058532
51.45821644,-0.97854212
28.631747,77.219672
-17.8294,31.047
31.55138889,-97.15583333
19.23049661,72.9771835
19.0627,72.8764
21.0,77.0
-1.22430505,36.82709539
28.51873311,77.39760968
22.7253,75.8655
-42.57087623,147.21123934
36.54535333,31.99151582
-37.8167,144.947
33.8753,-117.566
33.7,73.1667
19.10720664,72.88244247
14.59815005,120.99808544
26.9167,75.8167
51.50711486,-0.12731805
51.05,3.7333
-0.2903,36.0958
51.44119292,-2.59887474
29.5564,34.9499
40.8679,-74.1545
12.971117,77.597645
-32.9167,151.75
47.23812,9.59674
38.5763,-121.4927
51.53928,0.0813
17.4059998,78.484979
45.89868492,10.85389137
21.0,77.0
29.02967,77.67925
51.5353,0.0344444
48.8574,2.52868
47.5667,7.6
13.0476629,80.28069793
28.63562273,77.36955101
51.9,-2.0776
4.8164,7.0642
35.1716,136.907
14.5730559,121.046959
52.56548863,1.58703636
23.1167,113.25
57.1703062,15.3439912
43.01,-83.69
53.55296,8.58229
51.30778606,6.27805195
51.5705,-0.0727
30.2677,-97.7475
29.09591,75.96789
40.48346778,-79.45068989
29.36769233,47.97506508
40.7337,-73.99508
28.631747,77.219672
1.29306,103.856
-8.7815154,115.16272545
21.0,77.0
53.547744,-2.633576
33.7566,-84.3889
51.52055514,-0.14908528
51.34633273,-0.28361959
51.9,-2.0776
-37.80610938,175.30290484
51.54148984,0.00017833
26.0083,-80.2846
40.7493,-73.8531
37.97380519,23.73733423
40.64240016,-73.78176351
23.02586477,72.57095754
33.88694444,35.51305556
51.49216674,-0.11986354
34.92139288,72.87409666
18.0505299,-76.77827
25.7752,-80.192
28.6139,77.2089
40.7,-73.9056
-8.28585,112.31302
26.4421,80.3269
44.8386,-0.5783
32.638151,74.19583137
16.6126887,-22.9262571
-8.6764,115.2153
51.64094274,-0.0587244
22.7253,75.8655
19.0627,72.8764
48.2083,16.3731
50.97696,11.32787
33.9022,-84.53948
-25.3944359,28.30129623
4.8164,7.0642
13.0812,80.2751
19.0627,72.8764
3.1581,101.7109
33.67,-117.78
17.47000538,78.43600988
40.7142,-74.0064
11.98055556,8.47944444
6.55235577,3.39080664
32.8851,-97.1492
27.17937,77.9800999
51.4203,-0.0705
48.81387329,9.11789241
21.0,77.0
28.67,77.42
37.815388,-122.258769
5.269368,-4.010759
35.0,103.0
10.5231,7.44028
11.25,75.95
27.92194444,-82.45555556
26.11759,85.39251
-1.29889,36.77943
17.33113643,78.58996465
9.0667,7.4833
28.468395,77.082748
23.03465578,72.51673353
21.0,77.0
34.92139288,72.87409666
45.782429,-108.507636
3.07293084,101.60734464
41.6518,-70.9337
24.726276,46.644528
30.72285385,76.85146428
26.124354,-80.249503
22.28800363,70.78134444
28.732865,77.12418
26.124354,-80.249503
5.269368,-4.010759
25.1994,55.2741
-1.0384,37.0785
30.72285385,76.85146428
50.87555246,4.70898148
23.19181918,72.61668921
27.1899509,78.001152
18.97199491,72.8233695
53.7437569,-0.3738526
28.52470658,-81.61725109
-1.28333333,36.81666667
52.473023,13.425248
18.2833,-70.3333
33.88,-117.58
22.5697,88.3697
16.96993447,82.23675638
12.97021389,77.56028889
22.6759462,75.82570553
47.37817381,8.50344977
40.7142,-74.0064
43.648,-79.3872
30.2677,-97.7475
10.66582401,77.01183016
53.98422,-1.03818
26.11759,85.39251
22.894,-109.9256
34.286667,-111.656944
28.41426,-16.54679
22.67385739,75.82458973
26.67263215,87.2061831
34.0522,-118.243
24.86,67.01
21.0,77.0
28.45206835,-81.47235269
33.8752,-117.5655
25.2834,51.5293
38.1701938,140.39523125
43.1752128,-79.21281022
33.76868821,-84.36500988
33.8892,35.4993
40.99111111,-73.87416667
52.3080143,4.76553606
52.4806,-1.8987
28.63491,77.31001
28.631747,77.219672
18.94033134,72.83428451
40.75725,-73.9896
32.33484766,-106.5993276
12.912,77.593
28.6138438,77.0491339
33.46017192,-94.12196881
51.50711486,-0.12731805
16.7392,77.9902
40.7142,-74.0064
42.34973677,-71.21948667
45.4167,-75.7
44.15253213,-72.5981195
42.65012452,-83.16547313
23.19403126,77.46402596
41.6283,-87.6858
-37.8156,144.9661
19.0627,72.8764
39.0738052,-84.33004502
-33.82819964,18.59041158
-28.0183,153.3921
52.05462002,-1.3390295
53.3667,-2.36667
43.0,12.0
15.49849429,73.76639873
52.60587163,-1.17381686
52.4081,-1.5106
28.5484,-81.7464
3.22645174,101.45636678
21.77006,72.1459
44.15253213,-72.5981195
51.51202355,-3.19989706
48.15,11.5833
6.3553148,-10.78132518
33.88,-117.58
52.4378,-1.84711
55.99286,-3.77021
42.00747298,-87.94044949
51.655654,-0.396723
40.01396811,-105.12900874
22.72166667,75.80083333
59.32442623,18.06871712
52.38208523,4.63904824
-6.43407877,38.90563488
32.51923,74.55406
30.3285,-81.657
27.70328,85.30941
37.5373,-77.4371
54.13778,-0.80025
34.05984627,-118.44181431
28.29173499,-82.6986285
7.43333,81.2333
50.8429,-0.1313
19.0627,72.8764
51.45,-2.58333
19.06374289,72.82948494
33.1917,-117.3799
18.74628354,73.41055499
40.7142,-74.0064
39.9126,-104.9432
53.0609268,-1.64120346
26.48071098,80.30202484
39.0763,-94.5554
40.74013,-73.99772
35.05863,-89.9327
43.0,12.0
53.645,-1.77972222
30.39980857,-97.74511054
40.85,-73.8669
40.74392635,-73.8568355
33.71444,-84.40814
42.2069,-71.6861
6.45306,3.39583
51.8572,4.39489
40.0388,-86.8968
51.10974502,-0.03145665
22.54165413,88.35237848
21.13667,79.08189
13.11541,80.2298
54.9881,-1.61944
5.1213554,7.3912804
51.2340671,4.41566891
51.0,10.0
30.47788,-86.4028699
25.1994,55.2741
43.04145,-87.90595
30.2677,-97.7475
14.4177,120.9711
34.1295,-117.293
47.6046,-122.3308
43.0508,-88.0074
33.0,-83.5
38.8951,-77.0367
-1.273102,36.7965679
31.5364071,76.89205042
34.0304,-118.779
34.01158,-118.49227
39.9527,-75.1651
51.31420898,12.31246708
51.50806635,-0.1280728
6.59665807,3.34439278
55.0103,-6.12056
25.7752,-80.192
6.47013537,3.27554169
23.0333,72.6167
51.50711486,-0.12731805
27.93439252,-82.47227608
-29.81612,30.85872
26.83715051,80.94249503
9.0667,7.4833
64.59547472,18.68480444
25.13083056,55.23273056
50.003,8.2602
40.7207559,-74.0007613
33.8753,-117.566
34.04403538,-118.26544119
50.85,4.35
29.9440546,121.83888334
33.414035,-111.831562
33.7566,-84.3889
42.29541074,-87.87645868
40.74177,-73.99051
51.37128,1.12621
25.40571495,55.44320916
40.7142,-74.0064
36.1083259,-115.05653655
38.2525,-85.7554
50.7993,-1.1331
34.0522,-118.243
52.36208266,4.88287948
33.95003851,-84.46677104
25.7752,-80.192
52.08564,4.74764
6.45306,3.39583
38.89768,-77.03655
42.63944444,-71.31472222
7.20726909,3.43358995
17.9833,-76.8
25.1994,55.2741
46.5198,6.6335
56.13399491,-3.13955466
52.52818,-2.07061
41.883222,-87.632496
25.9663535,-80.20539342
5.8314,-55.179876
-0.8349,113.4668
64.59547472,18.68480444
24.86,67.01
42.9714,-81.2519
32.781,-96.799
53.3476,-6.2591
53.77193056,-1.12561111
52.31666667,5.55
33.7566,-84.3889
19.69665706,72.77153313
35.9228,0.0619444
40.7142,-74.0064
40.7825,-73.96611111
39.0763,-94.5554
25.05063333,55.23912778
49.4889,8.4692
40.68429,-73.96523
42.5741,-83.2442
6.45306,3.39583
52.97984347,-1.14689112
40.58131,-74.1117
31.7763,35.2404
19.4533,72.8117
33.59552,-117.86996
51.4221,5.40461
11.078009,77.28628709
50.814711,-0.371386
22.2997739,73.20109207
9.0667,7.4833
6.49115775,3.3816103
53.89108,11.46622
41.883222,-87.632496
12.971117,77.597645
38.8951,-77.0367
-28.3333,31.4167
40.7142,-74.0064
33.5925,-86.4964
35.53333333,24.13333333
6.8,5.3
35.80387,-86.66302
43.51361111,-70.38527778
42.51001873,-83.17403075
28.57,77.32
28.3922,77.3208
51.2185,6.7805
40.70303,-73.94461
42.2069,-71.6861
28.10428739,-81.93899394
39.8027,-89.6479
7.75,8.55
43.0,12.0
26.8388,80.9381
51.2185,6.7805
51.2185,6.7805
51.5833,5.2
51.53928,0.0813
53.39359835,-0.77610624
30.4581,-91.1402
28.5421,-81.3775
51.045,-114.057
40.7142,-74.0064
48.2333,14.3667
34.13600151,-118.33210665
28.031,-97.05
-4.0649118,39.6702305
38.85766006,-77.22011795
51.21506973,6.75416708
51.2185,6.7805
30.4581,-91.1402
51.2185,6.7805
41.97859989,-87.64948368
26.8388,80.9381
55.67611111,12.56888889
12.95088283,100.89002609
35.1993,-101.845
38.5763,-121.4927
50.82779536,-0.28697491
33.5696,-117.202
29.948479,-90.070864
39.0,-76.7
34.1511499,72.2070007
18.5203,73.8567
40.7142,-74.0064
51.50711486,-0.12731805
50.95,6.9667
34.0522,-118.243
37.6839249,-97.3465513
37.18972396,-104.49626684
27.9473,-82.4558
51.56110794,-0.08806229
30.24518618,-81.67494322
54.71963072,-5.82511964
38.7921,-90.3241
20.99884,75.57422
51.50806635,-0.1280728
39.0,-76.7
32.3063,-106.7777
39.9527,-75.1651
40.58118789,-74.11186839
37.7695,-122.429
41.312,-81.441
40.73026211,-73.95431418
33.10456613,-96.81253108
17.3934913,78.5074489
40.7142,-74.0064
19.11817847,72.82159758
53.71598239,-1.85925142
40.1488299,-85.36917
41.007932,28.978144
17.4893119,78.38347986
29.8160633,-95.4583876
51.50711486,-0.12731805
40.7975,-74.4779
53.01190539,-6.10788152
58.54777778,8.81111111
51.08961,-115.36085
34.0522,-118.243
45.5038,-73.5744
13.10401483,77.57691443
12.56591626,80.124199
34.60519,-98.38992
7.3964,3.9167
37.59111111,-122.24277778
53.68499232,-1.82060453
26.3687,-80.1001
30.2677,-97.7475
51.50224,14.61411
43.648,-79.3872
-1.3043,36.7707
6.44035011,3.51185605
41.26378353,-75.51813617
34.7123,-86.5963
33.59552,-117.86996
40.6215,-74.2452
35.0,103.0
22.5705509,88.3712387
41.312,-81.441
52.65823889,-1.23266944
50.72,-1.88
12.5105761,-70.02887249
34.24254278,-6.55511956
38.6447,-75.6161
32.96963454,-80.25193923
41.312,-81.441
32.7155,-117.1585
26.9167,75.8167
0.32467788,32.60775213
35.22694444,-80.84333333
50.05145,8.57365333
29.85,31.3333
43.039246,-76.13503397
9.00446735,7.27055163
40.28029167,-76.87957512
50.7833,7.28333
-23.5384054,-46.6715525
38.98333,1.30448
32.51809565,-97.32091053
38.19384,-85.56615
41.883222,-87.632496
44.49429204,26.19050352
26.93295,-82.05289
40.70830667,-73.96309666
22.60472222,88.41611111
53.954211,-1.0750851
34.0522,-118.243
54.8504572,-1.8261783
33.8753,-117.566
41.312,-81.441
19.0627,72.8764
41.0866589,-85.17297891
41.312,-81.441
39.1822,-77.2661
21.0,77.0
40.72628,-73.98158
39.4,-76.6
55.83603,-4.5082
42.1626,-76.8676
40.8549521,-73.88759501
52.51477051,13.45402855
25.22506897,51.54337965
49.2819,-123.1204
40.6589,-73.9791
27.9473,-82.4558
42.50674,-89.03793
36.0604009,-112.10925579
29.9628,-90.04
19.0627,72.8764
40.2444,-111.661
29.6183,-95.6368
40.71472222,-74.06722222
40.42882222,-79.98557778
41.7024,-73.9279
43.648,-79.3872
28.6139,77.2089
55.93787863,-3.48737232
37.7793,-122.419
28.16055556,-81.60277778
21.1336,73.10661
37.57611765,-121.97678089
41.3427,-73.0745
44.8335,-92.9583
36.0731,-79.7913
34.0522,-118.243
39.00361,-121.02917
52.476,-1.969
33.5443,-84.2353
36.161907,-86.775194
40.70657782,-73.28565328
40.94211474,-74.17296304
53.0643,8.8385
38.8951,-77.0367
32.861895,-96.804985
51.47105277,-0.45877492
21.13667,79.08189
-35.25808344,149.08073073
28.6139,77.2089
51.5017,-0.1621
33.64336014,-82.38531497
51.41617283,-1.76056419
53.645,-1.77972222
33.3815819,-112.05350039
43.1621,-73.0716
36.749276,-76.058535
38.97732,-76.48806
34.0522,-118.243
41.883222,-87.632496
5.65089958,-0.10483012
40.76916667,-73.96555556
50.0833,8.25
41.01666667,-80.37444444
30.4581,-91.1402
51.50711486,-0.12731805
-26.715,27.1033
40.4,-3.68333
40.7142,-74.0064
38.7,-9.18333333
33.8912985,-118.07116168
52.518391,13.401251
45.43455366,12.3388347
40.7142,-74.0064
-34.19338,18.43471
40.70542461,-73.9961493
37.43782,-76.31204
41.15,-8.61667
50.82202772,0.2567244
-34.02057844,18.45361335
18.7903,98.9817
34.0522,-118.243
51.50711486,-0.12731805
28.10428739,-81.93899394
41.1559,-96.0409
40.71270142,-74.00589108
45.518237,-122.678249
34.1729305,-118.3551006
47.62048,-122.3395
40.7142,-74.0064
33.97364878,-118.36366846
44.15253213,-72.5981195
33.65776,-118.00231
5.55,-0.2
37.7793,-122.419
52.232222,21.008333
40.1110638,-74.1216217
33.8663,-118.0651
51.92848412,-5.16377167
41.7561,-86.8333
29.7602,-95.3694
50.7333,-1.76667
26.5503,31.6998
51.78969913,-0.00510337
40.7524019,-73.98979959
33.3074536,-117.00220881
32.06753786,-81.09622344
29.0,69.0
49.05694444,-121.41388889
12.96643,77.58721
53.0763,8.8085
43.648,-79.3872
41.5484,-72.9641
43.7742911,-79.7164011
32.0667,34.7667
30.35776305,-97.73165524
33.73622949,-118.35880977
48.1311071,11.59082356
47.24112,7.82281
42.2966,-71.7136
42.3368,-83.0507
51.15,0.55
-44.68213619,170.3993096
33.88,-117.58
18.7903,98.9817
19.0627,72.8764
51.26709,0.0712499
33.02063897,-117.28182359
51.50711486,-0.12731805
31.8109496,-94.1959818
44.2333,-76.4833
40.7493,-73.8531
44.5018,-72.9865
55.6562,12.6069
42.042778,-74.1175
33.8753,-117.566
52.2168,6.9003
37.7793,-122.419
51.521498,-0.109938
33.10249493,-96.66200026
9.00446735,7.27055163
33.665,-117.912
52.518391,13.401251
39.2717,-119.28
33.7566,-84.3889
44.30592,-78.3195
26.12643033,-80.13157152
54.1842,-4.70368
40.65,-73.95
51.5125596,-0.11082508
53.7998,-1.5491
57.62843589,-6.2584326
51.55690909,-0.10565034
55.79593747,12.47773742
36.09688041,-80.24129748
36.3728538,-94.2088172
29.6991692,-95.4902573
32.901706,-97.3227638
6.45306,3.39583
-29.85631534,31.02114185
23.2492,69.6711
39.5271,-119.822
51.54811572,-3.26131928
42.3368,-83.0507
24.7263,-81.0403
57.62843589,-6.2584326
34.0295725,-81.1161477
51.0385,-114.086
-27.1422,-48.5094
28.13333333,-81.63166667
29.948479,-90.070864
40.9268,-73.9964
34.0522,-118.243
33.7566,-84.3889
38.80472222,-77.04722222
40.8447,-73.4074
41.95764,-87.64948
25.98493636,-80.20202211
40.00517352,-75.6997728
46.1888,-123.821
51.47924051,-0.00270757
39.9527,-75.1651
-0.00914097,-0.03908515
33.4219,-111.935
52.05496777,4.50287815
40.1753,-85.4821
34.07347,-118.40033
42.6361,-70.8436
39.99347179,-82.922617
52.22158,5.4831
44.30592,-78.3195
53.3927,-3.02602
38.7644,-93.5583
33.9481,-117.396
33.89448063,-117.53132759
35.442335,-77.571635
40.09911831,-74.97914281
40.7237,-81.5214
39.3724,-104.8579
43.1908,-80.2371
25.933,-80.1624
40.75839,-73.98644
38.86972222,-106.98777778
51.5604,5.0743
33.70738941,-78.86154031
53.39362341,-0.77614041
39.9527,-75.1651
39.0,36.0
35.89334,-86.87319
59.2333,17.9833
44.15253213,-72.5981195
52.31666667,5.55
26.96866523,75.74218379
51.56037091,0.45181274
40.7503293,-74.002062
36.1651,-86.7837
38.55281459,-121.28764283
40.73517835,-73.98535366
33.67552895,-112.0477302
34.0522,-118.243
45.5037,-122.439
42.9256,-71.0172
29.94458099,-90.11699496
39.97449572,-75.12482552
-30.31137527,153.14074516
38.0546,-84.7309
34.0522,-118.243
6.31056,-10.8047
42.4184,-71.1053
40.7142,-74.0064
2.78333333,32.3
19.0403,73.0147
37.1951,-93.2862
41.7444,-88.0439
29.30663,47.97041
26.4271,127.829
40.58131,-74.1117
6.45306,3.39583
40.8182,-73.2069
43.0375,-73.9297
36.36527778,-92.575
40.58131,-74.1117
34.03972109,-118.36691354
40.7142,-74.0064
33.833741,-118.350552
34.99789091,-78.31883409
40.7472,-73.8603
29.30663,47.97041
21.5581,39.7675
36.0292,-115.025
29.9398,30.914
33.7566,-84.3889
36.161907,-86.775194
41.1001,-80.6495
29.30663,47.97041
35.22694444,-80.84333333
41.16513171,-81.85561963
40.58131,-74.1117
33.78957,-118.18572
33.333891,-112.030907
42.9239,-89.3823
52.37976,4.91642
20.7591,-156.457
41.51914,-81.55294
42.80138889,-70.99027778
32.781,-96.799
30.0541,-95.387
50.6775499,7.19085
34.60117975,-86.74365034
29.30663,47.97041
29.78448145,-95.53764676
44.94888889,-93.29861111
38.2525,-85.7554
35.1426,-90.0524
44.969072,-93.280085
34.1075,-118.571
33.97799,-84.21854
30.3167,78.0333
40.7472,-73.8603
33.847187,-117.543303
39.7,-104.971
40.25001,-75.2871
40.7686,-73.7475
33.9734906,-117.58652507
5.65089958,-0.10483012
40.58131,-74.1117
40.58131,-74.1117
40.58131,-74.1117
34.0522,-118.243
41.99,-87.66
40.58131,-74.1117
33.8753,-117.566
33.78338312,-89.80235338
40.58131,-74.1117
40.76916667,-73.96555556
40.58131,-74.1117
40.85,-73.8669
29.30663,47.97041
37.5373,-77.4371
43.0508,-88.0074
-37.8156,144.9661
40.58131,-74.1117
28.414753,-81.262172
38.988,-74.8194
51.5,-0.11666667
25.7752,-80.192
34.49834272,-79.30939078
33.7566,-84.3889
40.7472,-73.8603
34.0522,-118.243
34.0522,-118.243
5.82893358,-55.14690679
41.883222,-87.632496
41.20611,-8.33659
35.22694444,-80.84333333
47.6046,-122.3308
35.5799,-82.5558
44.15253213,-72.5981195
33.8752,-117.5655
-22.85994233,-43.48205141
40.74907433,-72.98979541
40.58131,-74.1117
34.0522,-118.243
53.645,-1.77972222
40.58131,-74.1117
34.1722,-118.378
50.0833,8.25
33.8753,-117.566
34.01158,-118.49227
34.2363481,-118.46836943
33.59552,-117.86996
45.1569,-93.2271
27.95702,-82.23897
40.7142,-74.0064
43.2151,-79.9913
43.648,-79.3872
33.7692,-118.1938
28.92854265,79.70737696
40.57659727,-73.98431818
30.23141673,-97.72623796
34.73582225,-118.39104563
33.3207655,-111.92227355
40.006092,-75.291473
34.0522,-118.243
7.41611111,4.96888889
25.86158752,85.77783966
26.9167,75.8167
26.7086,-80.0572
34.57658499,135.99413395
19.13672517,72.82089114
18.56172696,73.81089449
30.2677,-97.7475
37.11774176,-87.89405688
51.50711486,-0.12731805
40.7142,-74.0064
38.90101,-77.02858
43.648,-79.3872
33.88,-117.58
32.83005318,-79.83103752
43.648,-79.3872
22.3361,91.828
22.7216,88.4808
21.0,77.0
34.090259,-118.291927
28.56595457,77.31761301
21.0,77.0
18.4385,79.1288
30.267153,-97.743061
19.13668471,72.82852939
29.35547527,76.97778625
40.64898,-74.21672
8.97759804,-79.51056238
26.2594,82.0676
-28.07395344,153.41696861
34.0522,-118.243
-6.1803,106.8233
41.1216,-73.7771
34.9535,-81.9375
23.0333,72.6167
30.594726,114.26163725
29.94974846,-90.00715188
34.0522,-118.243
23.25,77.42
-3.14461008,-60.00534552
38.48194444,-120.84472222
47.1056,-122.4346
21.24389771,72.88705101
30.00019,-95.26862
30.4394,-93.9662
39.99608817,-75.13404101
-37.98177208,145.06503376
37.14736992,-121.77488677
32.7155,-117.1585
33.88,-117.58
28.0167,73.3119
33.52619135,-117.71039486
-31.83959466,115.89610577
40.65,-73.95
43.108269,-87.95617351
35.10661155,-106.53264131
33.8753,-117.566
33.43341113,-111.94021225
40.76916667,-73.96555556
32.89295,13.18346
26.65431,73.73752
44.4847,-73.2232
15.87905,78.58428
30.267153,-97.743061
-33.86751,151.20797
-8.6773787,115.16736031
18.48045673,73.94820246
25.79166667,-80.16333333
41.8671,-87.6216
9.386,76.576
28.41427759,77.0694623
40.77274259,-73.972216
28.0167,73.3119
-3.14461008,-60.00534552
44.9774,-93.2645
22.3,73.2
34.341576,-86.502404
45.6292945,-122.67192239
-6.88680332,109.62001253
40.43364452,-74.38991277
34.09073173,-118.3136344
40.73150243,-73.9956327
27.177,78.0108
33.88957616,-117.52649483
33.92540802,-84.47324917
40.7731,-74.2319
39.4263,-77.4204
26.1167,84.8
26.8388,80.9381
18.56172696,73.81089449
26.8388,80.9381
12.95481663,77.65365902
34.0,-81.0
33.7934,-118.316
38.6249,-76.9118
40.0,-74.5
47.91322121,106.92126274
-3.14461008,-60.00534552
8.48333,76.9167
23.07126295,72.51654625
43.7742911,-79.7164011
28.552527,-81.6602182
-33.63635276,151.31044677
19.12117269,72.91792107
19.0627,72.8764
28.631747,77.219672
29.9,31.25
32.7821999,-96.7675705
40.7114,-74.0647
6.45306,3.39583
22.81952,69.5262
45.43180596,-122.57029474
22.5697,88.3697
34.0522,-118.243
33.7692,-118.1938
25.75398194,-80.37468832
1.28,32.39
33.8753,-117.566
28.6342,77.2008
1.34993,103.92694
60.0453,30.4575
53.86634,-1.90966
11.259,75.7914
23.7141,76.0198
-6.1803,106.8233
28.63153897,77.17778847
52.31666667,5.55
33.60618222,-84.44487635
34.01158,-118.49227
26.85,80.91
33.7566,-84.3889
7.95759717,80.7600823
21.1307891,79.0749195
24.2,83.0333
19.0627,72.8764
35.5849,-80.8103
21.1854968,72.8934286
27.79583333,-82.79055556
-1.28333,36.8167
30.594726,114.26163725
18.5203,73.8567
44.5275415,26.19460724
32.315,-106.75601
22.67393,72.88354
19.05871111,72.89969444
33.8753,-117.566
47.5667,7.6
25.10611915,55.1108551
-20.26783,148.71381
28.6,77.05416667
28.69482631,77.27181994
4.5323564,6.40047369
26.8024847,79.1783712
23.68333333,86.96666667
0.31400809,32.57029603
22.41331157,113.9775122
34.6038,-87.0861
33.8753,-117.566
34.0839653,-118.2743149
44.04037122,-71.67976657
28.41451577,77.06685586
23.58088,72.95922
19.11323627,72.87890134
33.8753,-117.566
13.72420873,100.49440611
6.45306,3.39583
17.455135,78.378071
12.06,76.15111111
-6.96667,110.417
33.60618222,-84.44487635
-6.8223,39.2763
51.50711486,-0.12731805
23.58088,72.95922
53.32243,-3.81878
33.53106736,73.15953154
25.23528,73.24112
21.13667,79.08189
-34.22888889,150.98333333
33.9816,-118.2192
32.84448629,-96.82263451
12.971117,77.597645
33.60618222,-84.44487635
18.6531927,73.7754685
33.60618222,-84.44487635
23.64733603,58.22459588
34.09640656,-118.33935365
-33.00174395,27.89808531
33.60618222,-84.44487635
-37.229068,145.80992807
18.43592,73.86785
48.67916368,2.71340648
33.60618222,-84.44487635
27.8913,78.0785
22.45474,88.37641
33.60618222,-84.44487635
0.4,37.85
26.8024847,79.1783712
19.4533,72.8117
52.6319,4.748509
40.1018,-75.3716
31.8109496,-94.1959818
40.75000708,-73.98788068
-34.00674,18.46325
21.0,77.0
21.0333,105.85
2.7719,32.2976
49.02392,-122.79679
5.55,-0.2
36.1675,-115.149
34.2752,-118.55
26.3236298,73.1529369
52.26399213,6.14111513
41.4822,-81.504
-1.29889,36.77943
33.7566,-84.3889
51.0,10.0
-34.34452,18.83938
19.0627,72.8764
31.6063807,74.8980346
27.71548667,85.30400287
6.63917,3.35667
51.3727,-0.1099
51.5167,7.4601
10.48781188,78.75
21.0,77.0
32.3620825,75.4856291
23.1534493,75.8063633
28.67,77.42
6.43111111,3.41583333
23.0333,72.6167
33.60618222,-84.44487635
18.61615625,73.77464923
31.6331,74.8656
5.56989435,-0.14673781
21.16195,79.04222
22.5697,88.3697
35.68,139.77
11.80039839,13.13141437
40.7142,-74.0064
51.50711486,-0.12731805
51.4333,7.58333
33.60618222,-84.44487635
19.0952,74.7496
-28.0183,153.3921
30.0571,31.2387
26.21345523,73.03333282
33.60618222,-84.44487635
7.88912722,98.33937138
52.518391,13.401251
19.0627,72.8764
53.27450173,-8.97765067
28.631747,77.219672
53.53445081,-1.38152131
-4.05,39.6667
13.2117,74.9971
26.80409333,82.220475
50.7833,7.28333
26.8326893,80.8764425
6.45306,3.39583
23.29973649,85.26634105
30.9,75.85
12.94864589,77.58097654
9.0,8.0
33.60618222,-84.44487635
-7.31296118,112.7774651
4.84234894,31.60869595
17.43689371,78.42681559
29.9159,73.8753
44.0,-71.5
28.57013,77.3239
-26.05,28.104
21.00648,105.75914
48.12720785,11.57386821
51.50711486,-0.12731805
9.0046199,7.2704924
25.1994,55.2741
51.45,5.46667
-28.0183,153.3921
31.6063807,74.8980346
22.72472226,88.38405763
15.5694354,73.74228358
51.85,0.966667
52.49389316,13.40524597
25.1477,55.3558
23.51324,77.82093
19.0627,72.8764
23.6039,58.5367
29.0,69.0
21.0,77.0
21.25,81.63
50.79810724,0.04736286
9.64920671,6.52208211
28.57,77.32
7.61667,4.73333
-25.73995908,28.36986293
16.20147037,77.34537538
25.1477,55.3558
28.57249504,77.38378665
23.10099233,72.53436684
29.948479,-90.070864
33.45,76.24
-8.9,33.45
17.39252951,78.46955838
50.0876,14.4215
25.6019,85.1267
52.518391,13.401251
54.13778,-0.80025
19.0627,72.8764
6.3956061,2.5386778
33.8892,35.4993
17.36666667,78.46666667
21.10789241,79.07073679
19.2794396,72.8753631
43.0,12.0
28.48000847,77.07046509
7.8245991,98.30381373
-1.28333333,36.81666667
40.64041667,-73.96208333
38.8127,-77.6351
50.95,6.9667
-27.47914093,153.01275671
19.20854103,72.82931405
28.50855249,77.4125392
13.0812,80.2751
6.3553148,-10.78132518
19.0627,72.8764
28.604456,77.0942655
-1.28333333,36.81666667
-37.8895005,145.0422836
48.86772,2.22614
53.29857495,-6.37371719
13.1027,77.444033
17.39252951,78.46955838
51.07087,1.08044
6.44569988,3.47152033
12.98289498,77.61981972
30.785307,76.5436032
51.82595,4.68226
21.22839134,81.66912814
51.4736,-0.0912
57.62843589,-6.2584326
48.15,11.5833
29.9698,76.8781
32.22003458,76.31905353
30.96709908,77.10454567
12.95229609,77.64004791
28.57,77.32
23.0333,72.6167
24.5536208,73.7144754
19.0403,73.0147
21.13667,79.08189
25.26883754,55.30725718
28.35151799,77.39488499
28.625904,77.0035652
22.4822903,88.3849869
21.0,77.0
16.70262488,74.23861938
19.09259206,72.91075438
28.3891262,77.0545611
25.1477,55.3558
26.4924909,80.2654103
26.85472,80.92135
28.631747,77.219672
51.5916,5.32278
39.64841475,-78.78471814
40.7493,-73.8531
28.5555133,77.3458311
22.55323,75.75824
54.0,-2.0
28.4629803,77.0743332
27.9473,-82.4558
28.4744,77.504
53.3476,-6.2591
53.4557,-6.2197
53.1376,-6.312
28.57,77.32
53.0492239,-1.2134123
51.65634895,-0.17112664
33.60618222,-84.44487635
29.5832016,80.21165281
18.03867102,-63.12031037
23.8858377,78.046875
33.60618222,-84.44487635
50.6333,5.56667
6.44520397,3.46949356
51.44885084,0.0636967
52.584775,-1.9777365
21.0,77.0
3.572211,98.68999575
28.4582634,77.04096222
-37.80610938,175.30290484
33.8079,-84.1706
21.0,77.0
33.4479,-82.0067
51.50711486,-0.12731805
26.46419,-81.773
24.87,67.05
59.31802,18.05472
45.80151367,15.91579697
33.88,-117.58
26.9263,-80.1062
52.13743,5.43725
48.88815,9.12954
39.18559,-77.3154
27.766588,-82.638248
12.971117,77.597645
11.1448042,76.0406414
54.07784732,-0.21466255
50.53737,-4.94178
28.631747,77.219672
6.45934371,3.44258638
47.53223659,-65.66853368
41.37944,2.18917
22.7253,75.8655
51.361259,0.71612913
12.8667,74.8833
53.771,-1.583
12.971117,77.597645
21.055,86.495
33.0387,-85.0312
23.35062,85.31378
55.9534569,-4.8344022
52.518391,13.401251
29.97735816,-90.09839456
-3.14461008,-60.00534552
38.3347,-82.9424
51.2085,3.2249
28.55628484,77.33475461
19.0627,72.8764
26.8388,80.9381
39.2944,-76.614
6.54681525,3.38620982
33.8752,-117.5655
22.3,73.2
39.8667,-86.1417
33.9374,-84.3686
13.00151,77.55111
23.224846,77.40280521
19.0627,72.8764
40.68429,-73.96523
19.31114336,78.75
41.883222,-87.632496
49.72916667,8.43055556
36.8522,-76.2808
41.04287595,-80.35747999
34.0522,-118.243
-8.508573,115.26508294
50.53737,-4.94178
-3.14461008,-60.00534552
33.8892,35.4993
33.375,-116.01194444
30.2677,-97.7475
29.5828,-95.5394
50.87342417,0.53853853
18.08825088,-63.03114638
39.1068,-94.6765
36.9792,-76.4291
51.52415631,-0.61992553
41.545978,-81.4535188
48.2083,16.3731
6.1423,6.7827
36.9792,-76.4291
26.1358,-80.1418
14.74527104,-17.51294951
6.45306,3.39583
12.971117,77.597645
51.95712,-2.15729
35.36112,-80.25284
11.93,79.83
53.40833333,-2.14944444
27.741483,76.215768
19.19167564,73.19605239
32.8854,-80.0169
39.42214534,-87.41340907
13.03478056,80.15586111
-33.92436976,18.42175373
40.9611,29.0812
29.4167,-98.5
1.33839513,103.78063751
6.45306,3.39583
33.88,-117.58
25.7752,-80.192
19.2013,72.9655
37.76514475,-122.43941039
9.00446735,7.27055163
-3.14461008,-60.00534552
12.99100833,77.60656389
37.76442532,-122.43856987
54.0,-2.0
31.45456765,74.2756784
-34.02057844,18.45361335
-1.28333333,36.81666667
28.631747,77.219672
31.7763,35.2404
45.86620214,9.44927871
19.0627,72.8764
35.49711143,-81.68144752
24.85471677,67.02892205
29.7894,-95.5033
26.60084783,-81.87260628
40.7142,-74.0064
40.6975,-73.9973
-9.37627289,147.16346378
25.0458,121.5339
26.12700768,-80.13934722
19.4533,72.8117
26.9167,75.8167
41.7349,-86.1332
-26.2047,28.0421
18.56408655,73.77287149
53.38166667,-2.89416667
53.64793523,-2.24057315
19.1603242,72.9444613
21.0,77.0
41.0,-77.5
29.75799513,-95.36683117
23.28059119,72.44121649
25.05063333,55.23912778
19.16722142,73.07487488
57.47902,-4.23561
33.9833,-118.4574
33.4219,-111.935
33.7,73.1667
34.0975,-118.122
39.61666667,2.98333333
39.9237,-85.365
29.7845774,-95.4410338
41.6109886,-87.7494965
30.37454985,78.43327018
51.47924051,-0.00270757
51.5028201,-0.1192523
36.98138889,-121.9075
50.6716,-120.33053
19.10114018,73.00394269
32.05388889,35.29861111
51.51202355,-3.19989706
55.86481373,-4.43306055
27.0270462,78.4101179
24.36666667,88.6
27.7706,-82.6794
52.51054,6.09266
21.0,77.0
22.7234818,75.8206663
7.63333,4.18333
-7.61396684,110.63862964
28.64095703,-81.89886335
33.8443,-116.5279
23.67764,87.194279
40.7142,-74.0064
34.0975,-118.122
51.864,-2.2436
40.7078,-74.0119
30.1928,71.4735
40.7142,-74.0064
42.34391,-71.07457
40.79944444,-96.63888889
26.7167,72.9167
25.0458,121.5339
7.8878183,98.29335137
53.645,-1.77972222
35.3425,-96.9338
38.2525,-85.7554
32.7001,-86.6998
33.8356,-118.176
40.73793,-74.38445
5.63949247,-0.16951039
6.45306,3.39583
42.2249,-71.5193
6.360131,5.610387
34.72614,-76.54083
25.02964381,88.12899761
28.5978,-81.3517
31.55072588,74.36723399
51.5949268,-0.10318349
51.4718463,-0.48618965
40.72628,-73.98158
51.80143,-0.20573
29.7602,-95.3694
-7.2647,112.743
47.40137635,8.49061839
40.12923704,-75.35896394
33.8492,-118.3885
12.93396951,77.70018818
40.7142,-74.0064
26.6396,-81.9825
36.1028,-80.2605
-1.29889,36.77943
32.604,-96.8572
26.3042,-98.1639
33.7,73.1667
6.6112,3.51
45.42478208,6.63510057
33.8443,-116.5279
43.95,20.93333333
36.91801447,-121.78246584
-17.8294,31.047
30.3285,-81.657
51.5667,-0.0166667
41.963051,-87.84153573
39.0371,-77.1191
7.07452753,4.83065865
33.7566,-84.3889
29.97527778,31.13777778
30.12147489,-91.83658333
53.55,10.0014
50.45,-104.617
33.75988512,-84.12658494
45.5643,-93.2285
53.4078,-2.9794
39.78150598,30.51527739
51.95712,-2.15729
34.0522,-118.243
42.25283,-73.79143
33.75116,-84.392
29.71111111,-95.59638889
-1.30138635,36.88957152
9.0,8.0
50.1154,8.6709
45.3998,-74.1378
40.70670685,-73.90560316
5.41684469,100.33783085
29.40124144,79.07683589
51.7519,-1.2578
42.7478,-83.1697
33.6650239,-84.11834859
40.48254,-74.6531
47.3999,-122.3244
33.61695,-117.93033
6.467,3.183
38.8301,-104.8207
44.2333,-76.4833
40.79795556,-73.94004722
54.99265756,-1.45279783
36.1683,-86.5135
50.6716,-120.33053
36.1651,-86.7837
53.29452544,-3.82552006
50.1551,6.71811
34.0522,-118.243
39.82838,-75.1244
34.11057444,-118.292012
25.76774,-80.31798
47.34951,8.71519
53.71598239,-1.85925142
6.45306,3.39583
29.964,77.546
47.35,-123.18
19.29661783,84.79743805
34.1,-118.33333333
34.286667,-111.656944
24.0792,32.8959
33.75988512,-84.12658494
21.47555556,-157.99444444
51.95712,-2.15729
25.813,-80.1341
28.631747,77.219672
33.75988512,-84.12658494
-36.58589616,174.68114867
39.2944,-76.614
53.2342,-0.5362
25.699,32.6407
38.77082062,0.18193785
31.7658,-106.489
52.57776944,-1.30491111
51.92,-2.007
40.6539,-73.587
29.0961,48.1328
33.75988512,-84.12658494
39.1022,-94.5809
34.286667,-111.656944
39.0,-117.0
44.15253213,-72.5981195
25.06666667,-77.33333333
43.648,-79.3872
40.65666,-73.83882
39.68355651,2.50025256
25.1994,55.2741
33.68456371,-84.11394809
26.84923,80.99726
52.2510844,-2.1523945
28.22654,-82.4576
43.7683,-79.1861
30.05,31.25
33.88,-117.58
7.5,4.5
34.0522,-118.243
25.03664526,55.14723109
25.1994,55.2741
39.78178,30.5157
30.68484504,-88.04769292
44.2333,-76.4833
41.883222,-87.632496
33.66182114,73.0835159
0.25436621,32.62578723
40.76236534,-73.92443994
52.518391,13.401251
-23.53802,-46.54851
21.0,77.0
49.4889,8.4692
40.7142,-74.0064
51.9235,4.4752
40.6819,-73.692001
40.9798017,-80.3330431
41.49888889,-81.68972222
34.25752,-118.60317
52.84871,8.04704
40.77118186,-73.98193359
19.13668471,72.82852939
4.89848296,6.90600962
41.2769,-72.7936
52.31666667,5.55
25.1994,55.2741
39.64848618,-105.04035253
33.588633,-117.878945
35.1426,-90.0524
42.25643,-71.12395
28.9,76.57
-29.0333,29.45
52.2667,-9.71667
30.0103549,31.23239745
51.50711486,-0.12731805
32.7155,-117.1585
42.246893,-87.994245
40.69320477,-73.77935461
51.1814,7.1848
53.55,9.91667
51.49266139,-0.17808623
25.35759909,51.44812963
53.4078,-2.9794
9.07376948,7.3987923
40.6819,-73.692001
42.58682912,-83.58863834
25.699,32.6407
41.0113,-73.8415
52.232222,21.008333
21.0,77.0
51.50711486,-0.12731805
51.58727907,-2.77246853
52.4393,-1.9402
34.04017432,-118.34952409
37.7793,-122.419
35.1847916,-101.8826599
34.0341673,-118.23558453
29.7602,-95.3694
32.7138,74.8697
29.82828351,-95.71385745
-17.6,35.183333
40.6819,-73.692001
39.985,-77.04666667
28.6139,77.2089
40.6819,-73.692001
29.7602,-95.3694
33.8443,-116.5279
40.65,-73.95
33.65937528,-84.49922919
28.6,77.05416667
40.6819,-73.692001
-1.28333333,36.81666667
40.81628937,-73.91757732
52.22791,-0.2618
39.10479626,-76.74367147
40.6819,-73.692001
29.7602,-95.3694
55.9546,-3.2087
40.7142,-74.0064
19.0627,72.8764
54.4667,-6.05
54.11102,-3.22582
40.75839,-73.98644
32.7138,74.8697
42.5925,-88.43444444
53.4551,-2.7393
42.48306,-83.24105
37.7793,-122.419
-8.67815671,115.16436883
39.13333333,-84.5
53.3476,-6.2591
33.9022,-84.53948
-26.0,28.0
31.47622317,74.30536693
35.59417615,-78.77671487
39.91350555,-74.99811554
33.665,-117.912
54.40433,-1.7388
40.6704,-73.4712
37.7793,-122.419
56.20972222,-4.35416667
40.66598,-73.4292399
29.9689,-95.6969
40.7537754,-74.00154591
6.43043256,3.42410967
35.732,-78.8529
40.8798,-74.2284
29.7602,-95.3694
37.64383768,-95.47309353
33.7566,-84.3889
30.121063,-93.996765
37.5373,-77.4371
33.4931,-111.926
-26.08358876,27.99962286
42.9439632,-85.68455
52.518391,13.401251
43.01885371,-81.24438804
28.3884,-80.6035
33.77,-84.23
38.44406,-9.10033
53.4233,-3.065
35.4256,-78.0635
50.848817,5.6872
39.9008,-75.1722
52.1266,-106.6612
33.689278,73.0391906
40.76916667,-73.96555556
-38.17307,144.40384
9.0,8.0
-25.9956,28.1049
29.7602,-95.3694
51.50711486,-0.12731805
-23.903953,29.450365
34.09444444,-118.2675
50.85,5.68333
40.763186,-73.994508
40.2095,-75.3614
51.7903893,0.63998985
47.6172,-122.199
33.87010667,-117.62254645
41.82672,-86.69372
-17.8294,31.047
42.12028034,-71.45737153
-17.8294,31.047
39.0,-75.5
39.7692,-86.1582
28.6346,-81.3344
41.9011,-87.9399
36.1675,-115.149
33.7566,-84.3889
15.62944444,73.73583333
34.0304,-118.779
34.09073173,-118.3136344
33.3964,-96.9587
51.08333333,-1.25
40.7032,-74.00914
-41.2889,174.777
36.0,-86.0
33.8912985,-118.07116168
49.32108,-123.07521
40.7493,-73.8531
53.7332001,-1.8727349
50.3311,-4.5197
39.1666,-86.5348
-25.9956,28.1049
32.7872,-79.9372
34.0522,-118.243
21.0,77.0
38.95,-84.8567
31.5497,74.3436
33.59312296,-117.87574768
36.1675,-115.149
40.82541781,-73.92477286
40.75900143,-73.98504561
27.7964,-97.3976
30.6795,-88.1033
40.6704,-73.4712
35.0699,-80.6544
33.7566,-84.3889
51.50711486,-0.12731805
39.3567,-84.3161
40.2095,-75.3614
40.763186,-73.994508
42.73819,-71.12433
40.7454,-73.9056
36.1675,-115.149
18.2833,-70.3333
40.7142,-74.0064
34.04664522,-118.55976499
51.50711486,-0.12731805
49.8873,-97.1397
29.7602,-95.3694
21.48443494,-158.18494685
26.25964,-80.18763
51.7359,0.4693
33.8912985,-118.07116168
42.9714,-81.2519
33.7566,-84.3889
42.3368,-83.0507
41.52,-72.0058
40.80133,-73.96732
33.82659912,-118.38632735
35.91326984,-86.86500554
6.45,3.4
29.7602,-95.3694
32.7155,-117.1585
34.01158,-118.49227
38.8301,-104.8207
-25.9956,28.1049
33.8752,-117.5655
52.51432487,5.48516808
40.12923704,-75.35896394
32.8232,-79.8455
8.4799,4.5627
35.623219,-97.506403
33.981,-81.2308
30.76336489,-88.20322774
40.7634,-73.0179
30.6795,-88.1033
35.0873,-106.6506
-26.2047,28.0421
33.67310652,-112.04730169
6.45306,3.39583
43.63634,-79.43802
29.7547418,-95.36423262
51.50711486,-0.12731805
40.65,-73.95
39.7353079,-104.9457432
35.8577,-86.3947
17.7667,-77.25
33.9265,-118.1987
33.0387,-85.0312
6.45306,3.39583
34.38236952,-119.14037569
33.6862,-78.9926
38.84179,-77.30888
50.82064892,-0.13188158
33.9069,-118.083
42.7665,-87.8475
34.0522,-118.243
40.6586165,-73.6447759
9.0,8.0
6.44520397,3.46949356
35.0517583,-80.8674087
35.0,135.75
41.72866009,-71.13511139
41.6726,-86.2552
41.0518,-80.5938
39.2455,-85.8812
42.7068,-71.1636
51.4333,-0.216667
27.79583333,-82.79055556
34.1722,-118.378
40.68333333,-73.94111111
40.85,-73.8669
3.18158,101.6922699
33.9265,-118.1987
40.7142,-74.0064
40.0,-74.5
37.76442532,-122.43856987
43.648,-79.3872
33.7344,-117.825
49.2819,-123.1204
34.2436,-110.048
40.8082789,-73.9304438
31.38333333,-100.48333333
40.7142,-74.0064
28.22654,-82.4576
40.65,-73.95
33.8912985,-118.07116168
32.718,-117.134
34.5825914,-86.5558243
36.835239,-76.303958
20.97170058,-156.67914023
40.76916667,-73.96555556
34.0522,-118.243
40.5676,-88.5388
34.051667,-118.472778
29.9398,30.914
49.27258037,-123.14913241
33.8443,-116.5279
40.86055556,-79.89472222
30.03180214,-81.49730029
32.7774,-96.7977
47.5239,-121.926
36.1675,-115.149
29.7602,-95.3694
43.0373,-87.9188
33.8443,-116.5279
25.7752,-80.192
33.88,-117.58
35.7772,-78.6358
33.88,-117.58
33.8753,-117.566
30.437,-87.2093
1.0,17.0
41.3647193,-96.1577968
21.27,81.6
12.94798,77.69868
38.60483929,-90.23199935
10.379,78.8177
32.62449348,-115.45103549
42.34534,-71.10015
23.68,86.98
34.0522,-118.243
36.18694386,-115.3404844
39.9562,-86.0128
36.97470854,-122.04978041
5.58476394,-0.27378918
45.44583333,-122.53361111
5.58476394,-0.27378918
-29.739,30.949
34.0522,-118.243
25.1994,55.2741
34.0522,-118.243
47.2414,-122.459
39.4544,-75.7138
37.90118,-122.06163
33.950476,-83.989802
40.75282556,-73.98609044
45.4167,-75.7
34.05016681,-118.38073991
36.6005,-121.8921
40.75727902,-73.98597751
9.9333,8.8833
34.77193226,-90.75729379
39.7692,-86.1582
49.285,-123.134
34.0522,-118.243
40.76916667,-73.96555556
40.7322,-73.6846
-41.28884,174.00545
41.422044,-87.981042
37.4149552,-121.7796621
26.6396,-81.9825
33.98104068,-118.33071731
50.72,-1.88
3.33333333,101.5
-6.23050231,106.73089769
44.9497,-93.0931
33.88957616,-117.52649483
33.8753,-117.566
29.7602,-95.3694
43.648,-79.3872
18.5459,-72.3368
40.1335646,-75.51630735
41.6407,-87.6306
-28.0183,153.3921
41.5767,-87.34381
29.96033,-90.03368
40.7322,-73.6846
35.1992,-111.6509
33.5696,-117.202
38.4231751,-121.4245356
33.9481,-117.396
28.5603,-81.5841
36.16917508,-115.07436358
19.0627,72.8764
23.2408632,72.7088353
28.06103634,-81.95444907
19.0627,72.8764
51.0167,-1.31667
32.5783,-117.117
25.1994,55.2741
34.286667,-111.656944
40.87659,-73.85972
22.56797304,88.372243
36.7792,31.3993
37.35747,-77.44231
25.33856773,82.98038377
40.87659,-73.85972
6.45306,3.39583
40.85,-73.8669
33.7566,-84.3889
-26.2047,28.0421
-3.14575795,-60.00743868
37.7793,-122.419
33.7566,-84.3889
24.87125454,67.05962703
47.6229,-122.316
-37.68484,176.169637
4.8164,7.0642
-27.66222222,153.05412777
42.9714,-81.2519
26.8388,80.9381
41.89406,12.51711
33.52619135,-117.71039486
6.45306,3.39583
47.63395,7.47709
39.1762123,10.49662115
39.30485103,-76.57901023
34.0522,-118.243
17.36666667,78.46666667
-26.05,27.9667
6.45306,3.39583
32.05388889,35.29861111
23.23638889,56.50444444
38.2525,-85.7554
51.72779472,5.86933694
-37.8156,144.9661
31.2,121.5
21.0,77.0
14.06666667,120.63333333
-4.0649118,39.6702305
32.7155,-117.1585
25.1994,55.2741
23.0333,72.6167
-33.95047997,18.48387203
26.89131,75.74939
19.0627,72.8764
26.64628,84.90988
15.6,73.8167
23.8041,86.4356
25.1477,55.3558
-6.1598,106.8201799
40.75839,-73.98644
-6.92128933,107.5748887
44.88256656,-93.2083296
19.9667,84.7833
-3.14575795,-60.00743868
35.1426,-90.0524
-8.6773787,115.16736031
25.1477,55.3558
48.5570499,10.63909
41.89406,12.51711
-26.19200263,28.03416137
22.5576,71.4214
-3.14575795,-60.00743868
40.7142,-74.0064
32.5783,-117.117
34.0522,-118.243
-25.75298077,28.24089082
29.7602,-95.3694
28.45944,77.02115
28.6465038,77.0803136
-31.9522,115.859
33.3033,-111.841
40.29896441,-120.50454695
30.2733545,-87.69272856
34.0,-81.0
19.13724457,72.8127445
26.8388,80.9381
52.205328,0.121708
-41.1762,174.815
15.9974412,107.9880634
50.74918,7.0775
23.0621699,87.30592
40.6539,-73.587
61.6255,-149.045
-29.79408,30.82085
28.4744,77.504
33.89371728,35.47292898
45.47881909,9.22748629
33.89371728,35.47292898
22.8167,89.55
31.0,-100.0
38.91318643,-77.02153213
47.3846,8.5316
34.03742524,-118.24874042
51.50711486,-0.12731805
19.2013,72.9655
51.50711486,-0.12731805
6.48346383,3.35664399
26.84149441,75.76981551
24.86,67.01
51.495,0.014
51.11031111,-0.75436944
6.47950417,3.37044143
25.1994,55.2741
40.7142,-74.0064
50.95,6.9667
28.38373387,77.06183112
6.45306,3.39583
-20.49477095,27.80526469
51.50711486,-0.12731805
-8.51528073,115.26983786
40.7127,-74.0059
48.8573,2.3492
55.9529368,-3.20061212
39.0,36.0
37.7793,-122.419
41.1167,1.25
-8.65,115.21666667
-6.12708055,106.65705767
65.3136,21.4851
51.50711486,-0.12731805
53.56070468,-3.0698204
46.798562,8.231973
52.33567474,4.8484574
53.29857495,-6.37371719
28.6,77.05416667
-45.03186972,168.66061929
28.41426,-16.54679
-1.28333,36.8167
19.18731529,72.84692351
51.58139,0.18631
25.33792,82.97826
-33.44671,151.32745
21.0,77.0
-2.26737014,40.8990756
51.50711486,-0.12731805
21.3030074,-157.8399345
33.88957616,-117.52649483
50.7753,6.0828
52.6333,-1.13333
9.49289365,123.29886782
47.5667,7.6
28.63096,77.21728
51.11229538,16.99533257
-1.28333333,36.81666667
0.33623646,32.6047569
25.20243663,84.98830318
23.0333,72.6167
25.6833,88.2167
-8.06678827,111.90486743
53.6439913,-3.0030336
34.03742524,-118.24874042
30.7229,76.7807
53.381,-2.397
9.20584561,12.4795385
53.3924,-2.5935
32.05388889,35.29861111
21.3030074,-157.8399345
33.98066464,-118.34026042
51.28657986,-0.1098804
12.971117,77.597645
-34.02057844,18.45361335
26.9167,75.8167
15.3611,75.1262
53.1584775,-1.1707891
19.01085635,73.01585297
55.58173,12.93345
-25.0,135.0
22.76265065,-102.5382358
33.9913,-118.4589
51.6527,-0.156
51.37475,-0.00969
6.45306,3.39583
24.86,67.01
40.7142,-74.0064
34.152955,77.577453
6.6128,3.576
18.49938932,73.85893822
51.50711486,-0.12731805
19.13724457,72.8127445
51.50711486,-0.12731805
6.6128,3.576
6.45306,3.39583
19.0627,72.8764
14.5896,120.9808
-26.1797,27.7042
1.29306,103.856
31.47622317,74.30536693
28.6958725,77.4525469
12.95704564,77.64462971
26.1420358,-81.7948103
26.4421,80.3269
53.7998,-1.5491
50.87867233,-0.29746292
6.45306,3.39583
-30.33422186,153.06211287
51.26539848,-1.08628391
27.48155273,95.35534018
7.3964,3.9167
53.479,-1.227
6.31056,-10.8047
51.05635499,3.78733189
-8.06678827,111.90486743
-6.1803,106.8233
52.5637859,13.392192
54.8093491,-1.50502
19.0627,72.8764
27.37691,-82.63402
53.49531,10.56003
6.45306,3.39583
32.7774,-96.7977
25.2587962,82.9869803
22.60472222,88.41611111
52.94075,1.20991
41.4996,-81.6937
6.3956061,2.5386778
23.25,77.42
37.695,-122.0739
52.3727,9.738
-26.241,27.917
22.31643118,87.29502827
54.3174564,-1.9214202
53.6928,-2.2206
25.1994,55.2741
29.0,69.0
42.471003,-92.31525
51.5072937,-0.35060807
19.0627,72.8764
53.44698348,-7.08056729
31.55937925,74.35112687
-7.31298578,112.77747083
13.73528918,100.58344319
17.39252951,78.46955838
51.50711486,-0.12731805
-32.13933354,18.88255863
46.83264709,-96.89090616
-29.638793,30.428073
43.2833,3.51667
52.30727,-1.94127
50.56888486,9.02969068
-29.63870119,30.42817261
6.43111111,3.41583333
22.27365334,73.18885496
-34.80854981,138.61666441
21.0,77.0
19.22111,73.09817
19.0627,72.8764
26.8388,80.9381
-19.9833,23.4167
11.25,75.95
13.03682243,80.25064888
12.97,77.57
32.68865384,74.89598751
40.7142,-74.0064
12.971117,77.597645
48.8573,2.3492
51.50931401,-0.13983965
40.7142,-74.0064
45.6167,-73.8333
34.0522,-118.243
17.74417,83.33404
27.94161,-82.45543
30.67128609,76.79031372
39.9527,-75.1651
28.631747,77.219672
39.20779,-77.14154
-3.14461008,-60.00534552
26.77,79.03
35.38685278,74.58416111
51.9833,5.91667
40.50719,-78.3989
-34.040449,23.235533
26.81237029,80.94949722
35.9125,14.5019
16.3,80.45
-3.14461008,-60.00534552
51.50711486,-0.12731805
28.56928,77.31775
40.7493,-73.8531
-26.12416667,28.08166667
34.0522,-118.243
25.1994,55.2741
28.61286389,77.22930556
13.34285,77.10187
43.648,-79.3872
26.60084783,-81.87260628
45.8121,15.9835
40.58131,-74.1117
-1.26614866,36.8398241
10.96548268,106.87889795
6.45306,3.39583
25.75751,84.149695
40.7290599,-73.99353
55.80558878,12.48379469
40.36616285,49.8380732
29.948479,-90.070864
-3.14461008,-60.00534552
50.87555246,4.70898148
26.90793037,75.74637651
28.62374135,77.06878055
33.82568,-117.86259
-3.14461008,-60.00534552
13.7563,121.0585
25.7024697,-80.2947559
27.9473,-82.4558
51.50711486,-0.12731805
53.331,-1.397
25.05063333,55.23912778
-34.05531,23.37222
30.2677,-97.7475
38.08833333,-88.16805556
44.8056,20.4242
28.6139,77.2089
42.459,-83.0982
34.6703079,135.5036128
51.044591,7.60359
40.7167,-74.0
17.9833,-76.8
24.2077,55.6869
30.45014428,-91.18895888
23.8858377,78.046875
33.4482,-112.0777
42.3166,-83.3754
27.7706,-82.6794
45.40313398,11.28240144
51.46501,0.13694
6.54583,3.26778
40.7142,-74.0064
25.1994,55.2741
53.56070468,-3.0698204
-37.8895005,145.0422836
35.02490838,-102.66989639
34.051667,-118.472778
26.9167,75.8167
42.72761,-73.68941
54.0,-2.0
51.044591,7.60359
47.1573,27.5851
40.4,-3.68333
51.03829,5.208
49.15343316,-123.13206565
52.31666667,5.55
40.7482059,-73.9849229
51.50711486,-0.12731805
15.2151,120.6621
9.0667,7.4833
51.22059286,0.2338718
28.631747,77.219672
25.3622,55.3911
32.83278176,-97.05000435
38.99700407,-77.61315325
33.7566,-84.3889
51.50711486,-0.12731805
53.2717,-8.63417
37.9861,23.7321
32.826588,-79.83339391
26.75165,80.86472
20.25393339,85.80449987
19.32168099,77.17060139
46.5547,15.6467
32.739,-97.1145
15.44954,76.48243
33.8892,35.4993
33.8752,-117.5655
21.0,77.0
40.7524183,-73.977933
29.7602,-95.3694
26.9167,75.8167
44.6462,-63.5735
9.0667,7.4833
51.41918056,-0.16778056
42.98948883,-78.8159537
35.02490838,-102.66989639
30.68484504,-88.04769292
33.7566,-84.3889
11.0214901,77.0205171
48.2083,16.3731
51.50711486,-0.12731805
15.3611,75.1262
33.95007421,-84.46695428
6.45306,3.39583
6.43111111,3.41583333
24.58782,73.69949
4.8000418,7.05888307
20.51543361,-103.18154732
25.2937891,79.8680086
37.7793,-122.419
52.07992305,5.37913201
37.57611765,-121.97678089
40.6624,-74.1102
52.6333,-1.13333
42.6703,-71.3025
50.85,5.68333
42.2745,-83.7393
40.7480015,-73.9559203
43.70307611,-71.41788201
39.7692,-86.1582
11.930001,79.832461
40.7114,-74.0647
45.49158768,-122.63135567
57.9333,12.5167
23.0333,72.6167
54.0,-2.0
23.0333,72.6167
51.50711486,-0.12731805
23.03942949,72.59164106
28.304,-81.4129
22.7253,75.8655
30.32558041,35.46950989
51.5066,7.45117
60.2054,24.6552
33.76897866,-84.38503088
38.2494674,-85.63826758
32.781,-96.797
40.745278,-74.002222
41.007932,28.978144
34.051667,-118.472778
6.45306,3.39583
51.31965099,-2.20938248
43.07805169,-76.13460029
33.7407074,-84.3458318
-26.34266,27.85487
41.883222,-87.632496
52.587,-1.8331
25.813,-80.1341
40.7142,-74.0064
21.11735857,79.02288149
37.78144048,-121.18974699
28.7938,76.1387
27.2752,-82.5526
22.5705509,88.3712387
53.994295,-1.5433899
-28.0183,153.3921
-38.14244,145.12199
52.0778,4.3158
34.194,-79.7617
53.65,10.0
33.8892,35.4993
33.92621,-84.33619
51.54985053,0.12172708
52.4965,13.4116
38.0297,-84.4947
40.7142,-74.0064
33.5942,-7.6193
39.24662444,-119.95452869
34.0522,-118.243
48.2485,16.3658
36.1651,-86.7837
34.0522,-118.243
28.627306,77.3998658
33.34451923,-111.58800149
52.5333,-1.18333
24.58782,73.69949
29.72399001,-95.61974287
38.91113889,-77.02191667
38.5763,-121.4927
53.73023611,-1.01866111
22.3361,91.828
38.7261,-9.1394
16.50912,75.28403
40.76683,-89.46587
41.3966,-73.455
60.67078,11.83488
40.82042957,-73.93685048
33.7566,-84.3889
41.876,-88.0151
33.8892,35.4993
51.717086,8.754933
-17.8294,31.047
32.83982455,-117.2447184
29.03335,77.07207
39.8027,-89.6479
52.16438056,-1.85668056
31.0,-92.0
34.0522,-118.243
51.11395,4.32632
35.49405584,-97.49996555
53.71605,-6.35696
21.0,77.0
-34.12527145,18.45014645
41.0,-77.5
41.31714171,19.82495785
41.9599375,-87.7863852
33.7566,-84.3889
29.6991692,-95.4902573
40.7272955,-111.8494073
34.1,-118.33333333
17.43689551,78.44736099
34.01158,-118.49227
51.08838382,13.765639
-29.6167,30.3833
56.49285461,-3.46104263
25.02986987,-77.39078985
33.0504,-96.7459
51.50711486,-0.12731805
13.16666667,-59.55
8.86722,7.005
32.82929386,-117.14081659
25.21070617,55.27688841
19.0621,72.8764
42.3644,-71.10234
42.3815533,-83.3360209
39.747515,-104.993788
-25.9956,28.1049
37.6601,-77.4856
33.5753,-117.841
40.62279667,-74.14863825
6.43111111,3.41583333
30.8736,75.5035
53.39348395,-2.59096066
6.57967738,3.29328672
45.4099,-122.56
51.75044,-3.37651
43.36811,10.6024
52.38275842,4.90262322
51.18618,-0.61004
7.0833,4.8333
40.43912176,-3.69135865
40.75839,-73.98644
40.7142,-74.0064
36.1675,-115.149
33.8753,-117.566
38.75013,-77.47279
-25.32624,31.02205
40.7142,-74.0064
37.05331003,42.45073348
43.49717,-116.51429
29.4167,-98.5
23.8337117,80.395236
33.7566,-84.3889
29.95223225,-90.05072917
34.0006,-81.0442
30.4581,-91.1402
6.431427,3.428576
10.0,-84.0
40.7142,-74.0064
52.45,-1.81667
35.3425,-96.9338
40.12923704,-75.35896394
-25.918752,28.14814
22.53,88.33
52.37190495,4.91668224
22.76265065,-102.5382358
33.23971438,-87.57362485
41.97,-87.72
23.77353,86.80749
40.7142,-74.0064
41.883222,-87.632496
36.19141992,-115.14115489
8.86722,7.005
51.45085882,0.05351714
30.7229,76.7807
6.46512341,3.30297947
53.7998,-1.5491
29.7602,-95.3694
-29.0,24.0
39.0,-76.7
34.11141016,74.86873627
43.7742911,-79.7164011
29.7602,-95.3694
9.00446735,7.27055163
53.38166667,-2.89416667
-25.31467303,28.93603281
33.34613392,35.74457608
28.62676557,77.04811113
23.08,70.13
39.61666667,2.98333333
21.13667,79.08189
55.67611111,12.56888889
38.5763,-121.4927
49.27248788,-123.13528061
33.80406202,-117.51822711
51.9,-2.0776
29.39390051,-94.9633664
53.2342,-0.5362
49.2819,-123.1204
33.74651642,-117.91983171
9.150624,7.335964
50.65294,5.54035
53.7672232,-1.7733963
38.95519,-77.07029
30.52502419,114.35014953
45.5038,-73.5744
6.45306,3.39583
53.2164695,6.5648429
37.97371934,-120.34150536
6.45306,3.39583
34.0522,-118.243
40.802124,-73.968941
52.25438,5.9638099
52.6333,-1.13333
32.75,-117.166667
58.88221,5.62986
52.4806,-1.8987
26.9167,75.8167
55.91592227,-3.02050965
34.09640656,-118.33935365
21.55573807,92.06360194
45.4167,-75.7
51.95500024,4.54226766
32.7138,74.8697
53.4793,-2.2463
33.665,-117.912
-25.67567568,28.26869929
46.100306,19.665373
40.7207559,-74.0007613
24.86,67.01
41.5163595,2.3592879
39.35899269,-74.56839752
51.3556,-2.19722
29.30663,47.97041
40.75839,-73.98644
34.0522,-118.243
6.51805268,3.39726893
33.8753,-117.566
38.2525,-85.7554
24.9239,-80.6281
33.12335212,-117.31807713
33.88,-117.58
51.45122197,-2.57371658
25.6,85.1167
33.8955,-118.0095
35.4689,-97.5195
52.35196,4.94195
34.0522,-118.243
30.7229,76.7807
37.5373,-77.4371
42.3,-71.8
53.21219118,6.56630131
26.57693675,-80.11551697
33.95805419,-118.14059231
33.4219,-111.935
32.95322727,-80.04167994
48.20833,16.373064
-29.961525,30.90278
34.04709,-118.52679
48.9924,11.78762
22.5697,88.3697
42.5688,-83.3619
41.18427828,-73.09188245
41.1774,-73.19
49.27248788,-123.13528061
42.3388214,-83.3513336
42.85820785,-70.93104745
49.27229132,-123.13834552
28.631747,77.219672
51.50711486,-0.12731805
-34.05531,23.37222
40.76518,-73.95992
52.6292,1.2977
5.55,-0.2
34.286667,-111.656944
51.2333,4.53333
34.0748887,-118.3082034
55.8671,-4.26757
50.97105,-4.23995
50.0875,14.42138889
51.86814454,0.36735535
41.10777778,-73.9225
28.53405982,77.21015223
34.0522,-118.243
51.51,-0.5931
-33.8914,18.6423
40.0,-74.5
32.7406616,-97.3857117
27.77146,-82.64077
39.927,-75.3352
11.33333056,123.01666944
30.01,31.21
52.49751814,13.45120311
37.6601,-77.4856
51.50711486,-0.12731805
38.8951,-77.0367
34.22302,-118.44875
37.3376,-121.8865
6.48879,3.38524
34.2711,-118.739
29.65558881,-95.81035508
41.883222,-87.632496
31.5497,74.3436
34.0522,-118.243
-33.86751,151.20797
56.0,-109.0
53.2719,-9.04889
40.65,-73.95
29.78773,-95.82333
40.68116386,-73.91425105
40.7493,-73.8531
50.83053893,-0.13931377
42.332,-122.862
5.65534592,-0.15651528
9.9333,8.8833
25.7752,-80.192
53.645,-1.77972222
51.5785399,-3.4498
51.5270144,-0.08784488
33.945464,-118.331548
42.65750981,-71.13783281
6.45306,3.39583
37.7447,-84.2936
5.67791054,-0.1720596
51.51666667,-0.05
-37.8156,144.9661
49.02392,-122.79679
47.5463758,7.5531913
33.7566,-84.3889
47.92917365,-97.0256353
34.04397383,-118.25078832
52.37036,-1.26079
35.1556,-89.7761
40.64240016,-73.78176351
30.3216952,-97.72631596
39.950278,-75.247222
52.97984347,-1.14689112
32.7155,-117.1585
17.40997826,78.37588404
42.3,-71.8
6.45306,3.39583
34.286667,-111.656944
46.02417,-123.9196
6.45306,3.43556
30.69507561,76.73143249
-33.92436976,18.42175373
51.5705,-0.0727
46.2526,-119.183
51.35,1.38333333
51.0342,-114.083
40.7142,-74.0064
42.3577,-71.0565
41.67397606,-72.59867334
54.0,-2.0
36.0,-86.0
15.4803107,44.2951602
39.0089,-76.6811
40.7454,-73.9056
32.7774,-96.7977
35.77619691,-91.62521947
38.67924027,-121.33079222
51.54927,-0.33986
34.0522,-118.243
40.5419,-74.3628
56.12234185,-3.80904459
33.665,-117.912
42.33441807,-71.04879295
29.87802972,-95.64243509
29.75799513,-95.36683117
30.2677,-97.7475
51.5100247,-0.1360121
32.8854,-80.0169
-28.81666667,153.31666667
30.38148889,-86.86274167
39.26589656,-77.27993846
39.9527,-75.1651
6.46530464,3.55907679
46.1888,-123.821
55.858,-4.259
33.8752,-117.5655
37.6601,-77.4856
34.0522,-118.243
39.976,-105.144
32.71210735,-117.15135142
22.67,88.35
-37.68484,176.169637
33.005,-97.2264
38.84179,-77.30888
33.7692,-118.1938
50.89942445,-1.40940346
38.015,-121.892
34.0522,-118.243
22.67,88.35
0.26705765,32.61817498
25.7752,-80.192
51.50711486,-0.12731805
25.12200625,55.35676909
33.7566,-84.3889
38.8951,-77.0367
22.67,88.35
48.8573,2.3492
34.0522,-118.243
29.78773,-95.82333
13.6136327,100.7186137
49.86889,-97.16028
34.0,-106.0
40.3098,-75.1308
26.5503,31.6998
-37.8156,144.9661
34.0522,-118.243
50.89942445,-1.40940346
40.7686,-73.7475
22.7153,-84.0228
25.03597,121.56746
33.7566,-84.3889
49.28330703,-123.12015568
33.8912985,-118.07116168
31.46090192,-97.41505411
54.0,-2.0
-19.9191,-43.9387
37.90379327,-88.92745988
50.8301417,-0.14814796
16.25,-61.58333333
28.19444686,-82.61199474
45.42182564,-75.69793397
50.792785,-0.597679
48.4287,-123.3645
40.7142,-74.0064
50.87292749,0.59806424
22.67,88.35
38.5763,-121.4927
34.4258,-119.714
51.50711486,-0.12731805
6.45306,3.39583
47.048857,8.30653
33.60234302,-117.8705033
32.7155,-117.1585
29.30476,-94.79167
28.5421,-81.3775
40.7524183,-73.977933
40.83318111,-73.85650808
12.5,-69.96666667
42.7781,-71.0849
43.648,-79.3872
33.7566,-84.3889
51.8618088,5.7691798
20.41741,-103.66376
34.01158,-118.49227
52.24577045,0.71651996
-37.5506699,144.89959
-26.12864,28.03232
39.2944,-76.614
30.47788,-86.4028699
22.67,88.35
41.92357,-87.6979
40.75839,-73.98644
55.97434,-2.89479
22.67,88.35
33.50394586,-84.24762254
29.9261,-90.1078
40.707499,-74.011153
33.8371063,-84.3104912
54.83882,-1.46865
17.9833,-76.8
33.96692,-118.05984
49.26781,-123.14903
17.9833,-76.8
33.80406202,-117.51822711
33.3033,-111.841
39.9627,-76.728
32.7408,-117.13
6.45306,3.39583
21.4054795,-157.74016325
34.13322292,-118.28247249
38.88973011,-77.00703621
42.9714,-81.2519
27.9473,-82.4558
14.44691567,121.04593319
34.0006,-81.0442
6.2,-1.6833
-3.14461008,-60.00534552
40.7702103,-73.6882629
36.161907,-86.775194
31.40412,73.09035
33.81606771,-117.50605382
33.88,-117.58
9.060352,7.4481664
33.8753,-117.566
-31.9583325,115.8730468
33.8753,-117.566
39.08,-82.02
34.1029,-117.816
33.11623,-96.67307
40.6215,-74.2452
39.9562,-86.0128
12.95481663,77.65365902
-3.14461008,-60.00534552
33.73439185,-117.99842717
26.26446152,74.22786059
18.49938932,73.85893822
34.0522,-118.243
12.93335809,79.33212519
40.64898,-74.21672
30.26377609,-87.68936214
21.3086,-157.8615
32.7774,-96.7977
33.94215,-117.24006
34.1692,-118.3429
10.76803,106.70205
40.5013,-80.06779
40.12923704,-75.35896394
33.81957307,-84.36416043
16.50912,75.28403
17.9833,-76.8
40.75839,-73.98644
35.9633,-83.1965
6.45306,3.39583
29.95223225,-90.05072917
37.8791004,-122.51370817
17.9833,-76.8
41.0468,29.0079
39.73125,-104.97557
38.8951,-77.0367
44.6611,-79.3489
34.0522,-118.243
29.5828,-95.5394
32.8232,-79.8455
33.88,-117.58
14.599612,121.13519
39.9627,-75.14067
40.7702103,-73.6882629
39.9231,-75.1753
34.0522,-118.243
19.0627,72.8764
32.91638889,-117.14416667
34.0522,-118.243
41.916925,-87.675103
42.61434548,-71.2406749
36.1675,-115.149
25.75503637,-80.37630916
30.6014,-96.3145
39.9562,-86.0128
34.66257869,135.53843221
-6.58972,106.791
37.3376,-121.8865
33.7344,-117.825
29.74060152,-95.51745626
34.0518805,-118.44288667
32.7408,-117.13
38.51210819,-90.33408638
30.5044,-90.4656
30.017835,-90.242393
22.5892,88.3109
26.89078652,81.05906628
41.5624,-72.6489
25.60632,85.14136
18.5189558,73.85961308
25.9355623,83.5728919
42.27314,-71.09266
18.5189558,73.85961308
27.3373,-82.5353
35.5799,-82.5558
26.4421,80.3269
19.13724457,72.8127445
23.07126295,72.51654625
-27.93888586,153.25380419
29.63618534,-98.48817997
26.89078652,81.05906628
18.5189558,73.85961308
29.95223225,-90.05072917
28.631747,77.219672
33.8753,-117.566
17.92638,73.65942
24.5745106,80.8266907
18.5189558,73.85961308
28.631747,77.219672
22.55323,75.75824
35.25025391,139.04813104
37.49503,-120.84644
18.5189558,73.85961308
40.7207559,-74.0007613
23.0333,72.6167
6.93456379,79.84365463
51.41283476,-0.29634827
40.75839,-73.98644
28.4469888,77.0155978
26.89078652,81.05906628
41.72787145,-86.90513049
35.22694444,-80.84333333
18.5189558,73.85961308
-26.2047,28.0421
23.0333,72.6167
6.45983928,3.19207691
-6.1803,106.8233
18.5189558,73.85961308
33.73439185,-117.99842717
18.5189558,73.85961308
33.7,73.1667
21.0333,105.85
29.95223225,-90.05072917
53.3476,-6.2591
35.9245,-86.8679
18.5189558,73.85961308
30.017835,-90.242393
39.99608817,-75.13404101
27.4417196,95.35030236
18.5189558,73.85961308
19.10867915,72.85200745
28.72394624,77.11330542
33.9203,-80.3417
-25.9956,28.1049
28.52440373,77.15140498
12.91894751,77.51713618
45.8121,15.9835
19.0621,72.8764
0.4,37.85
29.4167,-98.5
19.21148886,72.97730033
19.0627,72.8764
4.8164,7.0642
23.223,72.65
